{"mp-18619": {"wet_matches": [], "feature_vector": {"mean_atomic_radius": 1.3166666666666667, "sum_atomic_radius": 11.85, "mean_electronegativity": 2.07, "volume_per_atom": 29.225592544922122, "mean_ionic_radius": 0.991851851851852, "sum_ionic_radius": 8.926666666666668, "sum_row_number": 34.0, "mean_row_number": 3.7777777777777777, "sum_group_number": 110.0, "mean_group_number": 12.222222222222221, "alkali_metal_ratio": 0.0, "alkali_anion_ratio": 0.6304347826086956, "metal_anion_ratio": 0.0}, "formula": "Na2Ge2Se5"}, "mp-568762": {"wet_matches": [], "feature_vector": {"mean_atomic_radius": 1.4045454545454545, "sum_atomic_radius": 15.45, "mean_electronegativity": 1.862727272727273, "volume_per_atom": 26.455109313482993, "mean_ionic_radius": 1.0224242424242425, "sum_ionic_radius": 11.246666666666666, "sum_row_number": 40.0, "mean_row_number": 3.6363636363636362, "sum_group_number": 112.0, "mean_group_number": 10.181818181818182, "alkali_metal_ratio": 0.0, "alkali_anion_ratio": 0.6304347826086956, "metal_anion_ratio": 0.0}, "formula": "Na4Ge2Se5"}, "mp-28768": {"wet_matches": [], "feature_vector": {"mean_atomic_radius": 1.4722222222222223, "sum_atomic_radius": 13.25, "mean_electronegativity": 1.7644444444444443, "volume_per_atom": 28.035370747165118, "mean_ionic_radius": 1.058148148148148, "sum_ionic_radius": 9.523333333333333, "sum_row_number": 33.0, "mean_row_number": 3.6666666666666665, "sum_group_number": 82.0, "mean_group_number": 9.11111111111111, "alkali_metal_ratio": 1.3975903614457832, "alkali_anion_ratio": 0.6304347826086956, "metal_anion_ratio": 0.4510869565217391}, "formula": "Na4SnSe4"}, "mp-568543": {"wet_matches": [], "feature_vector": {"mean_atomic_radius": 1.4166666666666667, "sum_atomic_radius": 8.5, "mean_electronegativity": 1.9116666666666664, "volume_per_atom": 29.22167149961768, "mean_ionic_radius": 1.0316666666666665, "sum_ionic_radius": 6.1899999999999995, "sum_row_number": 23.0, "mean_row_number": 3.8333333333333335, "sum_group_number": 64.0, "mean_group_number": 10.666666666666666, "alkali_metal_ratio": 1.3975903614457832, "alkali_anion_ratio": 0.6304347826086956, "metal_anion_ratio": 0.4510869565217391}, "formula": "Na2SnSe3"}, "mp-18562": {"wet_matches": [], "feature_vector": {"mean_atomic_radius": 1.2833333333333334, "sum_atomic_radius": 11.55, "mean_electronegativity": 2.0455555555555556, "volume_per_atom": 28.182325386201743, "mean_ionic_radius": 0.9407407407407408, "sum_ionic_radius": 8.466666666666667, "sum_row_number": 32.0, "mean_row_number": 3.5555555555555554, "sum_group_number": 110.0, "mean_group_number": 12.222222222222221, "alkali_metal_ratio": 0.0, "alkali_anion_ratio": 0.6304347826086956, "metal_anion_ratio": 0.0}, "formula": "Na2Si2Se5"}, "mp-28303": {"wet_matches": [], "feature_vector": {"mean_atomic_radius": 1.3875, "sum_atomic_radius": 11.1, "mean_electronegativity": 1.8612499999999998, "volume_per_atom": 27.415814531844475, "mean_ionic_radius": 1.0091666666666668, "sum_ionic_radius": 8.073333333333334, "sum_row_number": 28.0, "mean_row_number": 3.5, "sum_group_number": 81.0, "mean_group_number": 10.125, "alkali_metal_ratio": 0.0, "alkali_anion_ratio": 0.6304347826086956, "metal_anion_ratio": 0.0}, "formula": "Na3SiSe4"}, "mp-18411": {"wet_matches": [], "feature_vector": {"mean_atomic_radius": 1.4428571428571428, "sum_atomic_radius": 10.1, "mean_electronegativity": 1.7785714285714285, "volume_per_atom": 26.679964811216816, "mean_ionic_radius": 1.0414285714285714, "sum_ionic_radius": 7.29, "sum_row_number": 25.0, "mean_row_number": 3.5714285714285716, "sum_group_number": 65.0, "mean_group_number": 9.285714285714286, "alkali_metal_ratio": 0.0, "alkali_anion_ratio": 0.6304347826086956, "metal_anion_ratio": 0.0}, "formula": "Na3GeSe3"}, "mp-33333": {"wet_matches": [], "feature_vector": {"mean_atomic_radius": 1.3875, "sum_atomic_radius": 5.55, "mean_electronegativity": 2.02, "volume_per_atom": 25.599861187407107, "mean_ionic_radius": 1.0041666666666667, "sum_ionic_radius": 4.016666666666667, "sum_row_number": 16.0, "mean_row_number": 4.0, "sum_group_number": 48.0, "mean_group_number": 12.0, "alkali_metal_ratio": 1.397590361445783, "alkali_anion_ratio": 0.6304347826086956, "metal_anion_ratio": 0.45108695652173914}, "formula": "NaSbSe2"}, "mp-28278": {"wet_matches": [], "feature_vector": {"mean_atomic_radius": 1.383333333333333, "sum_atomic_radius": 8.299999999999999, "mean_electronegativity": 1.92, "volume_per_atom": 27.73170839859765, "mean_ionic_radius": 1.0216666666666667, "sum_ionic_radius": 6.13, "sum_row_number": 22.0, "mean_row_number": 3.6666666666666665, "sum_group_number": 64.0, "mean_group_number": 10.666666666666666, "alkali_metal_ratio": 0.0, "alkali_anion_ratio": 0.6304347826086956, "metal_anion_ratio": 0.0}, "formula": "Na2GeSe3"}, "mp-17964": {"wet_matches": [], "feature_vector": {"mean_atomic_radius": 1.3166666666666667, "sum_atomic_radius": 11.85, "mean_electronegativity": 2.07, "volume_per_atom": 28.506811971410645, "mean_ionic_radius": 0.991851851851852, "sum_ionic_radius": 8.926666666666668, "sum_row_number": 34.0, "mean_row_number": 3.7777777777777777, "sum_group_number": 110.0, "mean_group_number": 12.222222222222221, "alkali_metal_ratio": 0.0, "alkali_anion_ratio": 0.6304347826086956, "metal_anion_ratio": 0.0}, "formula": "Na2Ge2Se5"}, "mp-8703": {"wet_matches": [], "feature_vector": {"mean_atomic_radius": 1.43125, "sum_atomic_radius": 11.45, "mean_electronegativity": 1.88, "volume_per_atom": 27.101142202724656, "mean_ionic_radius": 1.0454166666666667, "sum_ionic_radius": 8.363333333333333, "sum_row_number": 30.0, "mean_row_number": 3.75, "sum_group_number": 82.0, "mean_group_number": 10.25, "alkali_metal_ratio": 1.397590361445783, "alkali_anion_ratio": 0.6304347826086956, "metal_anion_ratio": 0.45108695652173914}, "formula": "Na3SbSe4"}, "mp-27374": {"wet_matches": [], "feature_vector": {"mean_atomic_radius": 1.3125, "sum_atomic_radius": 5.25, "mean_electronegativity": 2.0525, "volume_per_atom": 27.935749345729988, "mean_ionic_radius": 0.9616666666666667, "sum_ionic_radius": 3.8466666666666667, "sum_row_number": 15.0, "mean_row_number": 3.75, "sum_group_number": 48.0, "mean_group_number": 12.0, "alkali_metal_ratio": 1.7575757575757576, "alkali_anion_ratio": 0.6304347826086956, "metal_anion_ratio": 0.35869565217391297}, "formula": "NaAsSe2"}, "mp-984519": {"wet_matches": [], "feature_vector": {"mean_atomic_radius": 1.3125, "sum_atomic_radius": 5.25, "mean_electronegativity": 2.0525, "volume_per_atom": 27.163673975294763, "mean_ionic_radius": 0.9616666666666667, "sum_ionic_radius": 3.8466666666666667, "sum_row_number": 15.0, "mean_row_number": 3.75, "sum_group_number": 48.0, "mean_group_number": 12.0, "alkali_metal_ratio": 1.7575757575757576, "alkali_anion_ratio": 0.6304347826086956, "metal_anion_ratio": 0.35869565217391297}, "formula": "NaAsSe2"}, "mp-16889": {"wet_matches": [], "feature_vector": {"mean_atomic_radius": 1.45, "sum_atomic_radius": 21.75, "mean_electronegativity": 1.8233333333333333, "volume_per_atom": 29.20132572304437, "mean_ionic_radius": 1.0475555555555556, "sum_ionic_radius": 15.713333333333333, "sum_row_number": 56.0, "mean_row_number": 3.7333333333333334, "sum_group_number": 146.0, "mean_group_number": 9.733333333333333, "alkali_metal_ratio": 1.3975903614457832, "alkali_anion_ratio": 0.6304347826086956, "metal_anion_ratio": 0.4510869565217391}, "formula": "Na6Sn2Se7"}, "mp-16961": {"wet_matches": [], "feature_vector": {"mean_atomic_radius": 1.403333333333333, "sum_atomic_radius": 21.049999999999997, "mean_electronegativity": 1.815333333333333, "volume_per_atom": 26.73948326425602, "mean_ionic_radius": 1.008888888888889, "sum_ionic_radius": 15.133333333333333, "sum_row_number": 52.0, "mean_row_number": 3.466666666666667, "sum_group_number": 146.0, "mean_group_number": 9.733333333333333, "alkali_metal_ratio": 0.0, "alkali_anion_ratio": 0.6304347826086956, "metal_anion_ratio": 0.0}, "formula": "Na6Si2Se7"}, "mp-30931": {"wet_matches": [],